Workbook

Sheet Master Catalog
A1: ID | B1: Repository / design | C1: Suggested stage | D1: Proposed split | E1: Design type | F1: HDL / source form | G1: Lineage group | H1: Verification setup | I1: Simulator / dependencies | J1: Test entry point / recipe | K1: Reported license | L1: Verifiable scope / scale | M1: Setup difficulty (judgment) | N1: Mutation suitability (judgment) | O1: RTLProbe notes / conditions | P1: Evidence level | Q1: Repository URL | R1: Primary documentation URL | S1: Verification evidence URL | T1: License evidence URL | U1: Reviewed on | V1: Local run status
A2: R001 | B2: AXI Stream library | C2: Pilot | D2: Training | E2: Stream / FIFO | F2: Verilog | G2: Forencich/Taxi | H2: cocotb + cocotbext models | I2: Icarus; Python; pytest/cocotb-test | J2: pytest in selected tb directory; README Testing | K2: MIT | L2: Parameterized FIFOs, adapters, switches | M2: Low | N2: High potential: Ready/valid, FIFO pointers, length bounds | O2: Start with axis_fifo or axis_adapter. Deprecated in favor of Taxi. | P2: Documented simulation | Q2: https://github.com/alexforencich/verilog-axis | R2: https://raw.githubusercontent.com/alexforencich/verilog-axis/HEAD/README.md | S2: https://raw.githubusercontent.com/alexforencich/verilog-axis/HEAD/README.md | T2: https://raw.githubusercontent.com/alexforencich/verilog-axis/HEAD/COPYING | U2: 46280 | V2: Not run for RTLProbe
A3: R002 | B3: AXI / AXI-Lite library | C3: Expansion | D3: Training | E3: Interconnect / DMA | F3: Verilog | G3: Forencich/Taxi | H3: cocotb + cocotbext models | I3: Icarus; Python; pytest/cocotb-test | J3: pytest in selected tb directory; README Testing | K3: MIT | L3: Bus adapters, crossbars, RAM and DMA | M3: Medium | N3: High potential: Address decode, strobes, burst counters | O3: Start with AXI-Lite RAM; avoid full crossbar first. Deprecated in favor of Taxi. | P3: Documented simulation | Q3: https://github.com/alexforencich/verilog-axi | R3: https://raw.githubusercontent.com/alexforencich/verilog-axi/HEAD/README.md | S3: https://raw.githubusercontent.com/alexforencich/verilog-axi/HEAD/README.md | T3: https://raw.githubusercontent.com/alexforencich/verilog-axi/HEAD/COPYING | U3: 46280 | V3: Not run for RTLProbe
A4: R003 | B4: Ethernet / IP / UDP | C4: Expansion | D4: Training | E4: Networking | F4: Verilog | G4: Forencich/Taxi | H4: cocotb + cocotbext models | I4: Icarus; Python; pytest/cocotb-test | J4: pytest in selected tb directory; README Testing | K4: MIT | L4: 1G and 10G/25G components | M4: Medium | N4: High potential: Packet lengths, checksum, FSM, ready/valid | O4: Use one MAC or UDP block; bound packet traces. Deprecated in favor of Taxi. | P4: Documented simulation | Q4: https://github.com/alexforencich/verilog-ethernet | R4: https://raw.githubusercontent.com/alexforencich/verilog-ethernet/HEAD/README.md | S4: https://raw.githubusercontent.com/alexforencich/verilog-ethernet/HEAD/README.md | T4: https://raw.githubusercontent.com/alexforencich/verilog-ethernet/HEAD/COPYING | U4: 46280 | V4: Not run for RTLProbe
A5: R004 | B5: UART RX / TX | C5: Pilot | D5: Training | E5: Serial peripheral | F5: Verilog | G5: Forencich/Taxi | H5: cocotb + cocotbext models | I5: Icarus; Python; pytest/cocotb-test | J5: pytest in selected tb directory; README Testing | K5: MIT | L5: RX, TX and wrapper modules | M5: Low | N5: High potential: Baud counters, start/stop bits, reset | O5: Compact candidate with cocotb checks. Deprecated in favor of Taxi. | P5: Documented simulation | Q5: https://github.com/alexforencich/verilog-uart | R5: https://raw.githubusercontent.com/alexforencich/verilog-uart/HEAD/README.md | S5: https://raw.githubusercontent.com/alexforencich/verilog-uart/HEAD/README.md | T5: https://raw.githubusercontent.com/alexforencich/verilog-uart/HEAD/COPYING | U5: 46280 | V5: Not run for RTLProbe
A6: R005 | B6: PCIe / DMA library | C6: Expansion | D6: Training | E6: PCIe / DMA | F6: Verilog | G6: Forencich/Taxi | H6: cocotb + cocotbext models | I6: Icarus; Python; pytest/cocotb-test | J6: pytest in selected tb directory; README Testing | K6: MIT | L6: DMA and AXI bridge hierarchy | M6: Medium | N6: High potential: Tags, descriptor lengths, completion routing | O6: Use a module bench; FPGA examples may need vendor IP. Deprecated in favor of Taxi. | P6: Documented simulation | Q6: https://github.com/alexforencich/verilog-pcie | R6: https://raw.githubusercontent.com/alexforencich/verilog-pcie/HEAD/README.md | S6: https://raw.githubusercontent.com/alexforencich/verilog-pcie/HEAD/README.md | T6: https://raw.githubusercontent.com/alexforencich/verilog-pcie/HEAD/COPYING | U6: 46280 | V6: Not run for RTLProbe
A7: R006 | B7: I2C master / slave | C7: Expansion | D7: Training | E7: Serial peripheral | F7: Verilog | G7: Forencich/Taxi | H7: MyHDL bus models | I7: Icarus + MyHDL VPI | J7: Python test scripts in tb; install myhdl.vpi | K7: MIT | L7: Master/slave with AXI-Lite and Wishbone wrappers | M7: Medium | N7: High potential: ACK, clock counters, FSM | O7: Legacy Python/VPI setup. Shares stream utilities with related libraries. | P7: Documented simulation | Q7: https://github.com/alexforencich/verilog-i2c | R7: https://raw.githubusercontent.com/alexforencich/verilog-i2c/HEAD/README.md | S7: https://raw.githubusercontent.com/alexforencich/verilog-i2c/HEAD/README.md | T7: https://raw.githubusercontent.com/alexforencich/verilog-i2c/HEAD/COPYING | U7: 46280 | V7: Not run for RTLProbe
A8: R007 | B8: Taxi transport library | C8: Expansion | D8: Training | E8: Protocol IP collection | F8: SystemVerilog | G8: Forencich/Taxi | H8: cocotb + protocol models | I8: Verilator; Python; pytest | J8: Per-component tests under src; README Testing | K8: CERN-OHL-S-2.0 | L8: AXI, AXIS, Ethernet, PCIe, I2C, UART | M8: Medium | N8: High potential: FIFO, arbitration, protocol control | O8: Successor to Forencich IP; keep all related code in one split. | P8: Documented simulation | Q8: https://github.com/fpganinja/taxi | R8: https://raw.githubusercontent.com/fpganinja/taxi/HEAD/README.md | S8: https://raw.githubusercontent.com/fpganinja/taxi/HEAD/README.md | T8: https://raw.githubusercontent.com/fpganinja/taxi/HEAD/LICENSE | U8: 46280 | V8: Not run for RTLProbe
A9: R008 | B9: Corundum NIC | C9: Stretch | D9: Training | E9: Network system | F9: Verilog | G9: Forencich/Taxi | H9: cocotb host/PCIe/Ethernet models | I9: Icarus; cocotbext-axi/eth/pcie; scapy | J9: pytest / tox / cocotb Makefiles | K9: BSD-2-Clause | L9: 10G/25G/100G NIC; 1000+ queues per README | M9: High | N9: Medium potential: queue manager, DMA, scheduler | O9: Start at unit benches. Shared Forencich code must not become independent test data. | P9: Documented simulation | Q9: https://github.com/corundum/corundum | R9: https://raw.githubusercontent.com/corundum/corundum/HEAD/README.md | S9: https://raw.githubusercontent.com/corundum/corundum/HEAD/README.md | T9: https://raw.githubusercontent.com/corundum/corundum/HEAD/LICENSE | U9: 46280 | V9: Not run for RTLProbe
A10: R009 | B10: AES cipher | C10: Pilot | D10: Training | E10: Cryptographic core | F10: Verilog | G10: Secworks crypto | H10: Self-checking HDL tests; FuseSoC | I10: Icarus; FuseSoC; optional ModelSim | J10: fusesoc run --target=tb_aes secworks:crypto:aes | K10: BSD-2-Clause | L10: 128-bit blocks; 128/256-bit keys | M10: Low | N10: High potential: round count, key select, enables | O10: Separate control errors from broad datapath mismatches. | P10: Documented simulation | Q10: https://github.com/secworks/aes | R10: https://raw.githubusercontent.com/secworks/aes/HEAD/README.md | S10: https://raw.githubusercontent.com/secworks/aes/HEAD/README.md | T10: https://raw.githubusercontent.com/secworks/aes/HEAD/LICENSE | U10: 46280 | V10: Not run for RTLProbe
A11: R010 | B11: SHA-224 / SHA-256 | C11: Pilot | D11: Training | E11: Cryptographic core | F11: Verilog | G11: Secworks crypto | H11: Self-checking HDL tests; FuseSoC | I11: Icarus; FuseSoC; optional ModelSim | J11: fusesoc run --target=tb_sha256 secworks:crypto:sha256 | K11: BSD-2-Clause | L11: 512-bit input blocks; 256-bit digest | M11: Low | N11: High potential: round count, message index, init/next | O11: Padding is external. Start with core or simple wrapper. | P11: Documented simulation | Q11: https://github.com/secworks/sha256 | R11: https://raw.githubusercontent.com/secworks/sha256/HEAD/README.md | S11: https://raw.githubusercontent.com/secworks/sha256/HEAD/README.md | T11: https://raw.githubusercontent.com/secworks/sha256/HEAD/LICENSE | U11: 46280 | V11: Not run for RTLProbe
A12: R011 | B12: SHA-512 family | C12: Expansion | D12: Training | E12: Cryptographic core | F12: Verilog | G12: Secworks crypto | H12: Self-checking HDL tests; FuseSoC | I12: Icarus; FuseSoC; optional ModelSim | J12: fusesoc run --target=tb_sha512 secworks:crypto:sha512 | K12: BSD-2-Clause | L12: 16 x 64-bit message window | M12: Low | N12: High potential: 64-bit indexing, round control, mode | O12: Keep related SHA designs together. | P12: Documented simulation | Q12: https://github.com/secworks/sha512 | R12: https://raw.githubusercontent.com/secworks/sha512/HEAD/README.md | S12: https://raw.githubusercontent.com/secworks/sha512/HEAD/README.md | T12: https://raw.githubusercontent.com/secworks/sha512/HEAD/LICENSE | U12: 46280 | V12: Not run for RTLProbe
A13: R012 | B13: SHA-1 hash | C13: Expansion | D13: Training | E13: Cryptographic core | F13: Verilog | G13: Secworks crypto | H13: Self-checking HDL tests; FuseSoC | I13: Icarus; FuseSoC; optional ModelSim | J13: fusesoc run --target=tb_sha1 secworks:crypto:sha1 | K13: BSD-2-Clause | L13: 512-bit input blocks; 160-bit digest | M13: Low | N13: High potential: round boundaries, rotate, state updates | O13: Useful hardware benchmark; not a recommendation for cryptographic use. | P13: Documented simulation | Q13: https://github.com/secworks/sha1 | R13: https://raw.githubusercontent.com/secworks/sha1/HEAD/README.md | S13: https://raw.githubusercontent.com/secworks/sha1/HEAD/README.md | T13: https://raw.githubusercontent.com/secworks/sha1/HEAD/LICENSE | U13: 46280 | V13: Not run for RTLProbe
... A50: R049 | B50: RTLLM v2.1 | C50: Expansion | D50: Training | E50: Small-design benchmark | F50: Verilog | G50: Educational benchmarks | H50: Per-design testbench.v; auto_run.py | I50: Synopsys VCS in documented flow | J50: auto_run.py; per-design reference and testbench | K50: MIT | L50: v2.0 expanded to 50 designs; v2.1 fixes descriptions/tests | M50: Medium | N50: High potential: operators, widths, FSMs | O50: Pin corrected v2.1; validate oracle sensitivity and provenance. Icarus port not confirmed. | P50: Documented simulation | Q50: https://github.com/hkust-zhiyao/RTLLM | R50: https://raw.githubusercontent.com/hkust-zhiyao/RTLLM/HEAD/README.md | S50: https://raw.githubusercontent.com/hkust-zhiyao/RTLLM/HEAD/File_list.md | T50: https://raw.githubusercontent.com/hkust-zhiyao/RTLLM/HEAD/LICENSE | U50: 46280 | V50: Not run for RTLProbe

Sheet Training
A1: ID | B1: Repository / design | C1: Suggested stage | D1: Design type | E1: Lineage group | F1: Candidate mutations | G1: Admission condition / notes | H1: Repository link | I1: Execution status | K1: Split policy
A2: ='Master Catalog'!A2 -> R001 | B2: ='Master Catalog'!B2 -> AXI Stream library | C2: ='Master Catalog'!C2 -> Pilot | D2: ='Master Catalog'!E2 -> Stream / FIFO | E2: ='Master Catalog'!G2 -> Forencich/Taxi | F2: ='Master Catalog'!N2 -> High potential: Ready/valid, FIFO pointers, length bounds | G2: ='Master Catalog'!O2 -> Start with axis_fifo or axis_adapter. Deprecated in favor of Taxi. | H2: ='Master Catalog'!Q2 -> https://github.com/alexforencich/verilog-axis | I2: ='Master Catalog'!V2 -> Not run for RTLProbe | K2: Use for fitting models and debugging the pipeline. Do not report training results as held-out accuracy.
A3: ='Master Catalog'!A3 -> R002 | B3: ='Master Catalog'!B3 -> AXI / AXI-Lite library | C3: ='Master Catalog'!C3 -> Expansion | D3: ='Master Catalog'!E3 -> Interconnect / DMA | E3: ='Master Catalog'!G3 -> Forencich/Taxi | F3: ='Master Catalog'!N3 -> High potential: Address decode, strobes, burst counters | G3: ='Master Catalog'!O3 -> Start with AXI-Lite RAM; avoid full crossbar first. Deprecated in favor of Taxi. | H3: ='Master Catalog'!Q3 -> https://github.com/alexforencich/verilog-axi | I3: ='Master Catalog'!V3 -> Not run for RTLProbe
A4: ='Master Catalog'!A4 -> R003 | B4: ='Master Catalog'!B4 -> Ethernet / IP / UDP | C4: ='Master Catalog'!C4 -> Expansion | D4: ='Master Catalog'!E4 -> Networking | E4: ='Master Catalog'!G4 -> Forencich/Taxi | F4: ='Master Catalog'!N4 -> High potential: Packet lengths, checksum, FSM, ready/valid | G4: ='Master Catalog'!O4 -> Use one MAC or UDP block; bound packet traces. Deprecated in favor of Taxi. | H4: ='Master Catalog'!Q4 -> https://github.com/alexforencich/verilog-ethernet | I4: ='Master Catalog'!V4 -> Not run for RTLProbe | K4: Proposed pool, not collected samples. Every row still needs a passing golden run and a source-overlap audit.
A5: ='Master Catalog'!A5 -> R004 | B5: ='Master Catalog'!B5 -> UART RX / TX | C5: ='Master Catalog'!C5 -> Pilot | D5: ='Master Catalog'!E5 -> Serial peripheral | E5: ='Master Catalog'!G5 -> Forencich/Taxi | F5: ='Master Catalog'!N5 -> High potential: Baud counters, start/stop bits, reset | G5: ='Master Catalog'!O5 -> Compact candidate with cocotb checks. Deprecated in favor of Taxi. | H5: ='Master Catalog'!Q5 -> https://github.com/alexforencich/verilog-uart | I5: ='Master Catalog'!V5 -> Not run for RTLProbe
A6: ='Master Catalog'!A6 -> R005 | B6: ='Master Catalog'!B6 -> PCIe / DMA library | C6: ='Master Catalog'!C6 -> Expansion | D6: ='Master Catalog'!E6 -> PCIe / DMA | E6: ='Master Catalog'!G6 -> Forencich/Taxi | F6: ='Master Catalog'!N6 -> High potential: Tags, descriptor lengths, completion routing | G6: ='Master Catalog'!O6 -> Use a module bench; FPGA examples may need vendor IP. Deprecated in favor of Taxi. | H6: ='Master Catalog'!Q6 -> https://github.com/alexforencich/verilog-pcie | I6: ='Master Catalog'!V6 -> Not run for RTLProbe | K6: Snapshot membership. Linked details update from Master Catalog; regenerate split sheets if membership changes.
A7: ='Master Catalog'!A7 -> R006 | B7: ='Master Catalog'!B7 -> I2C master / slave | C7: ='Master Catalog'!C7 -> Expansion | D7: ='Master Catalog'!E7 -> Serial peripheral | E7: ='Master Catalog'!G7 -> Forencich/Taxi | F7: ='Master Catalog'!N7 -> High potential: ACK, clock counters, FSM | G7: ='Master Catalog'!O7 -> Legacy Python/VPI setup. Shares stream utilities with related libraries. | H7: ='Master Catalog'!Q7 -> https://github.com/alexforencich/verilog-i2c | I7: ='Master Catalog'!V7 -> Not run for RTLProbe
A8: ='Master Catalog'!A8 -> R007 | B8: ='Master Catalog'!B8 -> Taxi transport library | C8: ='Master Catalog'!C8 -> Expansion | D8: ='Master Catalog'!E8 -> Protocol IP collection | E8: ='Master Catalog'!G8 -> Forencich/Taxi | F8: ='Master Catalog'!N8 -> High potential: FIFO, arbitration, protocol control | G8: ='Master Catalog'!O8 -> Successor to Forencich IP; keep all related code in one split. | H8: ='Master Catalog'!Q8 -> https://github.com/fpganinja/taxi | I8: ='Master Catalog'!V8 -> Not run for RTLProbe
A9: ='Master Catalog'!A9 -> R008 | B9: ='Master Catalog'!B9 -> Corundum NIC | C9: ='Master Catalog'!C9 -> Stretch | D9: ='Master Catalog'!E9 -> Network system | E9: ='Master Catalog'!G9 -> Forencich/Taxi | F9: ='Master Catalog'!N9 -> Medium potential: queue manager, DMA, scheduler | G9: ='Master Catalog'!O9 -> Start at unit benches. Shared Forencich code must not become independent test data. | H9: ='Master Catalog'!Q9 -> https://github.com/corundum/corundum | I9: ='Master Catalog'!V9 -> Not run for RTLProbe
A10: ='Master Catalog'!A10 -> R009 | B10: ='Master Catalog'!B10 -> AES cipher | C10: ='Master Catalog'!C10 -> Pilot | D10: ='Master Catalog'!E10 -> Cryptographic core | E10: ='Master Catalog'!G10 -> Secworks crypto | F10: ='Master Catalog'!N10 -> High potential: round count, key select, enables | G10: ='Master Catalog'!O10 -> Separate control errors from broad datapath mismatches. | H10: ='Master Catalog'!Q10 -> https://github.com/secworks/aes | I10: ='Master Catalog'!V10 -> Not run for RTLProbe
A11: ='Master Catalog'!A11 -> R010 | B11: ='Master Catalog'!B11 -> SHA-224 / SHA-256 | C11: ='Master Catalog'!C11 -> Pilot | D11: ='Master Catalog'!E11 -> Cryptographic core | E11: ='Master Catalog'!G11 -> Secworks crypto | F11: ='Master Catalog'!N11 -> High potential: round count, message index, init/next | G11: ='Master Catalog'!O11 -> Padding is external. Start with core or simple wrapper. | H11: ='Master Catalog'!Q11 -> https://github.com/secworks/sha256 | I11: ='Master Catalog'!V11 -> Not run for RTLProbe
A12: ='Master Catalog'!A12 -> R011 | B12: ='Master Catalog'!B12 -> SHA-512 family | C12: ='Master Catalog'!C12 -> Expansion | D12: ='Master Catalog'!E12 -> Cryptographic core | E12: ='Master Catalog'!G12 -> Secworks crypto | F12: ='Master Catalog'!N12 -> High potential: 64-bit indexing, round control, mode | G12: ='Master Catalog'!O12 -> Keep related SHA designs together. | H12: ='Master Catalog'!Q12 -> https://github.com/secworks/sha512 | I12: ='Master Catalog'!V12 -> Not run for RTLProbe
A13: ='Master Catalog'!A13 -> R012 | B13: ='Master Catalog'!B13 -> SHA-1 hash | C13: ='Master Catalog'!C13 -> Expansion | D13: ='Master Catalog'!E13 -> Cryptographic core | E13: ='Master Catalog'!G13 -> Secworks crypto | F13: ='Master Catalog'!N13 -> High potential: round boundaries, rotate, state updates | G13: ='Master Catalog'!O13 -> Useful hardware benchmark; not a recommendation for cryptographic use. | H13: ='Master Catalog'!Q13 -> https://github.com/secworks/sha1 | I13: ='Master Catalog'!V13 -> Not run for RTLProbe
A14: ='Master Catalog'!A14 -> R013 | B14: ='Master Catalog'!B14 -> ChaCha stream cipher | C14: ='Master Catalog'!C14 -> Expansion | D14: ='Master Catalog'!E14 -> Cryptographic core | E14: ='Master Catalog'!G14 -> Secworks crypto | F14: ='Master Catalog'!N14 -> High potential: rotate constants, round count, counter | G14: ='Master Catalog'!O14 -> Reference models and known-answer tests. | H14: ='Master Catalog'!Q14 -> https://github.com/secworks/chacha | I14: ='Master Catalog'!V14 -> Not run for RTLProbe
A15: ='Master Catalog'!A15 -> R014 | B15: ='Master Catalog'!B15 -> BLAKE2s hash | C15: ='Master Catalog'!C15 -> Expansion | D15: ='Master Catalog'!E15 -> Cryptographic core | E15: ='Master Catalog'!G15 -> Secworks crypto | F15: ='Master Catalog'!N15 -> High potential: message selection, round FSM, final flag | G15: ='Master Catalog'!O15 -> C reference model includes corner cases. | H15: ='Master Catalog'!Q15 -> https://github.com/secworks/blake2s | I15: ='Master Catalog'!V15 -> Not run for RTLProbe
A16: ='Master Catalog'!A16 -> R015 | B16: ='Master Catalog'!B16 -> SipHash core | C16: ='Master Catalog'!C16 -> Expansion | D16: ='Master Catalog'!E16 -> Cryptographic core | E16: ='Master Catalog'!G16 -> Secworks crypto | F16: ='Master Catalog'!N16 -> High potential: round control, message length, finalization | G16: ='Master Catalog'!O16 -> Known-answer testbench described in README. | H16: ='Master Catalog'!Q16 -> https://github.com/secworks/siphash | I16: ='Master Catalog'!V16 -> Not run for RTLProbe
A17: ='Master Catalog'!A17 -> R016 | B17: ='Master Catalog'!B17 -> PicoRV32 | C17: ='Master Catalog'!C17 -> Pilot | D17: ='Master Catalog'!E17 -> RISC-V CPU | E17: ='Master Catalog'!G17 -> PicoRV32 | F17: ='Master Catalog'!N17 -> High potential: decode, ALU, branch, handshake | G17: ='Master Catalog'!O17 -> test_ez avoids compiler dependency; expand oracle before mutation. No longer actively developed. | H17: ='Master Catalog'!Q17 -> https://github.com/YosysHQ/picorv32 | I17: ='Master Catalog'!V17 -> Not run for RTLProbe
A18: ='Master Catalog'!A18 -> R017 | B18: ='Master Catalog'!B18 -> VexRiscv / Murax | C18: ='Master Catalog'!C18 -> Stretch | D18: ='Master Catalog'!E18 -> RISC-V CPU / SoC | E18: ='Master Catalog'!G18 -> VexRiscv | F18: ='Master Catalog'!N18 -> Medium potential: hazards, CSR, branch control | G18: ='Master Catalog'!O18 -> Freeze generated RTL and generator revision; preserve source mapping. | H18: ='Master Catalog'!Q18 -> https://github.com/SpinalHDL/VexRiscv | I18: ='Master Catalog'!V18 -> Not run for RTLProbe
A19: ='Master Catalog'!A49 -> R048 | B19: ='Master Catalog'!B49 -> VerilogEval | C19: ='Master Catalog'!C49 -> Expansion | D19: ='Master Catalog'!E49 -> Small-design benchmark | E19: ='Master Catalog'!G49 -> Educational benchmarks | F19: ='Master Catalog'!N49 -> High potential on small control/arithmetic blocks | G19: ='Master Catalog'!O49 -> Keep duplicate task formats together. Skip LLM generation; audit reference availability per task. | H19: ='Master Catalog'!Q49 -> https://github.com/NVlabs/verilog-eval | I19: ='Master Catalog'!V49 -> Not run for RTLProbe
A20: ='Master Catalog'!A50 -> R049 | B20: ='Master Catalog'!B50 -> RTLLM v2.1 | C20: ='Master Catalog'!C50 -> Expansion | D20: ='Master Catalog'!E50 -> Small-design benchmark | E20: ='Master Catalog'!G50 -> Educational benchmarks | F20: ='Master Catalog'!N50 -> High potential: operators, widths, FSMs | G20: ='Master Catalog'!O50 -> Pin corrected v2.1; validate oracle sensitivity and provenance. Icarus port not confirmed. | H20: ='Master Catalog'!Q50 -> https://github.com/hkust-zhiyao/RTLLM | I20: ='Master Catalog'!V50 -> Not run for RTLProbe

Sheet Evaluation
A1: ID | B1: Repository / design | C1: Suggested stage | D1: Design type | E1: Lineage group | F1: Candidate mutations | G1: Admission condition / notes | H1: Repository link | I1: Execution status | K1: Split policy
A2: ='Master Catalog'!A19 -> R018 | B2: ='Master Catalog'!B19 -> SERV / Servant | C2: ='Master Catalog'!C19 -> Core | D2: ='Master Catalog'!E19 -> Bit-serial RISC-V CPU | E2: ='Master Catalog'!G19 -> SERV | F2: ='Master Catalog'!N19 -> High potential: bit counters, decode, control | G2: ='Master Catalog'!O19 -> Hello-world requires a timeout/output oracle; use regression tests for acceptance. | H2: ='Master Catalog'!Q19 -> https://github.com/olofk/serv | I2: ='Master Catalog'!V19 -> Not run for RTLProbe | K2: Validation/development pool for model choice, ablations and thresholds. Never combine with final Test.
A3: ='Master Catalog'!A20 -> R019 | B3: ='Master Catalog'!B20 -> Ultraembedded RV32IM | C3: ='Master Catalog'!C20 -> Core | D3: ='Master Catalog'!E20 -> RISC-V CPU | E3: ='Master Catalog'!G20 -> Ultraembedded CPUs | F3: ='Master Catalog'!N20 -> High potential: ALU, load/store, decode | G3: ='Master Catalog'!O20 -> External ISA model available; keep biRISC-V in same group. | H3: ='Master Catalog'!Q20 -> https://github.com/ultraembedded/riscv | I3: ='Master Catalog'!V20 -> Not run for RTLProbe
A4: ='Master Catalog'!A21 -> R020 | B4: ='Master Catalog'!B21 -> biRISC-V | C4: ='Master Catalog'!C21 -> Expansion | D4: ='Master Catalog'!E21 -> Superscalar RISC-V CPU | E4: ='Master Catalog'!G21 -> Ultraembedded CPUs | F4: ='Master Catalog'!N21 -> High potential: issue control, hazards, branch | G4: ='Master Catalog'!O21 -> Prefer small supplied image before random programs. | H4: ='Master Catalog'!Q21 -> https://github.com/ultraembedded/biriscv | I4: ='Master Catalog'!V21 -> Not run for RTLProbe | K4: Proposed pool, not collected samples. Every row still needs a passing golden run and a source-overlap audit.
A5: ='Master Catalog'!A22 -> R021 | B5: ='Master Catalog'!B22 -> IEEE-754 arithmetic library | C5: ='Master Catalog'!C22 -> Core | D5: ='Master Catalog'!E22 -> Floating-point arithmetic | E5: ='Master Catalog'!G22 -> Dawson FPU | F5: ='Master Catalog'!N22 -> High potential: rounding, normalization, special values | G5: ='Master Catalog'!O22 -> Default suite has 100 million random vectors/function; cap and seed pilot runs. | H5: ='Master Catalog'!Q22 -> https://github.com/dawsonjon/fpu | I5: ='Master Catalog'!V22 -> Not run for RTLProbe
K6: Snapshot membership. Linked details update from Master Catalog; regenerate split sheets if membership changes.

Sheet Test
A1: ID | B1: Repository / design | C1: Suggested stage | D1: Design type | E1: Lineage group | F1: Candidate mutations | G1: Admission condition / notes | H1: Repository link | I1: Execution status | K1: Split policy
A2: ='Master Catalog'!A23 -> R022 | B2: ='Master Catalog'!B23 -> Wishbone UART | C2: ='Master Catalog'!C23 -> Core | D2: ='Master Catalog'!E23 -> Serial peripheral | E2: ='Master Catalog'!G23 -> ZipCPU family | F2: ='Master Catalog'!N23 -> High potential: FIFO flags, baud and parity logic | G2: ='Master Catalog'!O23 -> Independent UART holdout candidate; include deterministic error cases. | H2: ='Master Catalog'!Q23 -> https://github.com/ZipCPU/wbuart32 | I2: ='Master Catalog'!V23 -> Not run for RTLProbe | K2: Sealed final holdout. Do not tune models, prompts, mutation acceptance or thresholds using its outcomes.
A3: ='Master Catalog'!A24 -> R023 | B3: ='Master Catalog'!B24 -> ZipCPU | C3: ='Master Catalog'!C24 -> Stretch | D3: ='Master Catalog'!E24 -> CPU / small system | E3: ='Master Catalog'!G24 -> ZipCPU family | F3: ='Master Catalog'!N24 -> Medium potential: pipeline, decode, bus | G3: ='Master Catalog'!O24 -> Separate toolchain; keep wbuart32 and other shared IP together. | H3: ='Master Catalog'!Q24 -> https://github.com/ZipCPU/zipcpu | I3: ='Master Catalog'!V24 -> Not run for RTLProbe
A4: ='Master Catalog'!A25 -> R024 | B4: ='Master Catalog'!B25 -> SD SPI / SDIO controllers | C4: ='Master Catalog'!C25 -> Stretch | D4: ='Master Catalog'!E25 -> Storage peripheral | E4: ='Master Catalog'!G25 -> ZipCPU family | F4: ='Master Catalog'!N25 -> Medium potential: command FSM, CRC, block counters | G4: ='Master Catalog'!O25 -> Select supported SD/SPI flow; some eMMC/error paths remain incomplete. | H4: ='Master Catalog'!Q25 -> https://github.com/ZipCPU/sdspi | I4: ='Master Catalog'!V25 -> Not run for RTLProbe | K4: Proposed pool, not collected samples. Every row still needs a passing golden run and a source-overlap audit.
A5: ='Master Catalog'!A26 -> R025 | B5: ='Master Catalog'!B26 -> Wishbone / AXI bridges | C5: ='Master Catalog'!C26 -> Stretch | D5: ='Master Catalog'!E26 -> Bus bridges / interconnect | E5: ='Master Catalog'!G26 -> ZipCPU family | F5: ='Master Catalog'!N26 -> High for formal faults; conditional for simulation | G5: ='Master Catalog'!O26 -> Formal-first reserve within Test: add simulation replay before core multimodal use. | H5: ='Master Catalog'!Q26 -> https://github.com/ZipCPU/wb2axip | I5: ='Master Catalog'!V26 -> Not run for RTLProbe
A6: ='Master Catalog'!A27 -> R026 | B6: ='Master Catalog'!B27 -> Ibex Simple System | C6: ='Master Catalog'!C27 -> Core | D6: ='Master Catalog'!E27 -> RISC-V CPU | E6: ='Master Catalog'!G27 -> Ibex/OpenTitan | F6: ='Master Catalog'!N27 -> High potential: decode, ALU, CSR, load/store | G6: ='Master Catalog'!O27 -> Use software signature checks. Full DV is a separate, more involved flow. | H6: ='Master Catalog'!Q27 -> https://github.com/lowRISC/ibex | I6: ='Master Catalog'!V27 -> Not run for RTLProbe | K6: Snapshot membership. Linked details update from Master Catalog; regenerate split sheets if membership changes.
A7: ='Master Catalog'!A28 -> R027 | B7: ='Master Catalog'!B28 -> OpenTitan IP (start UART) | C7: ='Master Catalog'!C28 -> Stretch | D7: ='Master Catalog'!E28 -> Security SoC / IP | E7: ='Master Catalog'!G28 -> Ibex/OpenTitan | F7: ='Master Catalog'!N28 -> High potential at IP level: interrupts, FIFO, CSR | G7: ='Master Catalog'!O28 -> Reserve only selected IP for later Test expansion; Ibex is shared. Confirm simulator support. | H7: ='Master Catalog'!Q28 -> https://github.com/lowRISC/opentitan | I7: ='Master Catalog'!V28 -> Not run for RTLProbe
A8: ='Master Catalog'!A29 -> R028 | B8: ='Master Catalog'!B29 -> NEORV32 | C8: ='Master Catalog'!C29 -> Stretch | D8: ='Master Catalog'!E29 -> RISC-V SoC | E8: ='Master Catalog'!G29 -> NEORV32 | F8: ='Master Catalog'!N29 -> Conditional: decode, control, peripherals | G8: ='Master Catalog'!O29 -> VHDL needs a separate parser/mutation path; use only after Verilog MVP. | H8: ='Master Catalog'!Q29 -> https://github.com/stnolting/neorv32 | I8: ='Master Catalog'!V29 -> Not run for RTLProbe
A9: ='Master Catalog'!A30 -> R029 | B9: ='Master Catalog'!B30 -> mor1kx | C9: ='Master Catalog'!C30 -> Stretch | D9: ='Master Catalog'!E30 -> OpenRISC CPU | E9: ='Master Catalog'!G30 -> mor1kx | F9: ='Master Catalog'!N30 -> Medium potential: decode, branch, load/store | G9: ='Master Catalog'!O30 -> Choose Cappuccino; README notes failures in other pipeline configurations. | H9: ='Master Catalog'!Q30 -> https://github.com/openrisc/mor1kx | I9: ='Master Catalog'!V30 -> Not run for RTLProbe

Sheet ReadMe
A1: Topic | B1: Method / decision / limitation
A2: Purpose | B2: Research catalog for selecting RTLProbe datasets. Public repository documentation and scripts were reviewed on 2026-09-15. No repository simulation was executed for this task.
A3: Catalog size | B3: 49 repository/design-family entries. Library components are summarized in each row rather than counted as independent repositories.
A4: Proposed allocation | B4: 19 Training, 4 Evaluation (validation), 8 Test, 18 Reserve entries. Counts describe candidate repositories, not accepted bugs or balanced sample quotas.
A5: Baseline decisions | B5: The project baseline requires reproducible, behavior-changing mutations and design/repository/bug-lineage separation. Core evidence is RTL, failing tests/logs, labels and structure; expensive waveforms and synthesis remain selective.
A6: New proposals | B6: All repository allocations, stage labels, setup estimates and mutation suggestions in this workbook are proposals. Pilot candidates: verilog-axis plus secworks/sha256; UART, AES or PicoRV32 are alternatives after smoke testing.
A7: Training role | B7: Fit models and develop the collection/mutation pipeline. Cap contribution by design family so a large protocol library does not dominate. Educational benchmarks are supplementary and may already appear in model pretraining.
A8: Evaluation role | B8: Use as the validation/development set for model and hyperparameter selection, prompt choices and ablations. SERV and Ultraembedded provide CPU variation; Dawson FPU adds numerical logic.
A9: Test role | B9: Reserve independent design families for final reporting. Start with wbuart32 and Ibex when feasible. Larger systems and VHDL are stretch options. Add reproducible historical fail-to-pass bugs later; none are claimed here.
A10: Reserve role | B10: Unassigned candidates with high setup cost, shared dependencies, generator-to-RTL gaps or incomplete runner evidence. APB and CVFPU specifically lack a confirmed standalone run recipe in this review. Do not treat them as ready datasets.
A11: Evidence meaning | B11: Documented simulation means the repository describes a bench and execution path. It does not mean locally reproduced, comprehensive or adequate for mutation detection. Formal-first, external, generator and unresolved cases are labeled.
A12: License meaning | B12: License labels summarize retrieved repository license text or the cited README. Record per-file and vendored-component licenses at the chosen commit before redistribution. Mixed repositories cannot be reduced to a single top-level label.
... A26: Next action: Dipti | B26: Use Training for model work and Evaluation for selection. Define localization metrics and baselines before final Test access; retain per-design and per-family results.
